-- phpMyAdmin SQL Dump
-- version 5.2.1
-- https://www.phpmyadmin.net/
--
-- Host: 127.0.0.1
-- Generation Time: Jun 27, 2024 at 09:13 PM
-- Server version: 10.4.32-MariaDB
-- PHP Version: 8.0.30

SET SQL_MODE = "NO_AUTO_VALUE_ON_ZERO";
START TRANSACTION;
SET time_zone = "+00:00";


/*!40101 SET @OLD_CHARACTER_SET_CLIENT=@@CHARACTER_SET_CLIENT */;
/*!40101 SET @OLD_CHARACTER_SET_RESULTS=@@CHARACTER_SET_RESULTS */;
/*!40101 SET @OLD_COLLATION_CONNECTION=@@COLLATION_CONNECTION */;
/*!40101 SET NAMES utf8mb4 */;

--
-- Database: `codekop_free_rental_mobil`
--

-- --------------------------------------------------------

--
-- Table structure for table `booking`
--

CREATE TABLE `booking` (
  `id_booking` int(11) NOT NULL,
  `kode_booking` varchar(255) NOT NULL,
  `id_login` int(11) NOT NULL,
  `id_mobil` int(11) NOT NULL,
  `ktp` varchar(255) NOT NULL,
  `nama` varchar(255) NOT NULL,
  `alamat` varchar(255) NOT NULL,
  `no_tlp` varchar(15) NOT NULL,
  `tanggal` varchar(255) NOT NULL,
  `lama_sewa` int(11) NOT NULL,
  `total_harga` int(11) NOT NULL,
  `konfirmasi_pembayaran` varchar(255) NOT NULL,
  `tgl_input` varchar(255) NOT NULL
) ENGINE=InnoDB DEFAULT CHARSET=latin1 COLLATE=latin1_swedish_ci;

--
-- Dumping data for table `booking`
--

INSERT INTO `booking` (`id_booking`, `kode_booking`, `id_login`, `id_mobil`, `ktp`, `nama`, `alamat`, `no_tlp`, `tanggal`, `lama_sewa`, `total_harga`, `konfirmasi_pembayaran`, `tgl_input`) VALUES
(1, '1576329294', 3, 5, '231423123', 'Krisna', 'Bekasi', '08132312321', '2019-12-28', 2, 400000, 'Pembayaran di terima', '2019-12-14'),
(2, '1576671989', 3, 5, '231423', 'Krisna Waskita', 'Bekasi Ujung Harapan', '082391273127', '2019-12-20', 2, 400525, 'Pembayaran di terima', '2019-12-18'),
(3, '1642998828', 3, 5, '1283821832813', 'Krisna', 'Bekasi', '089618173609', '2022-01-26', 4, 800743, 'Pembayaran di terima', '2022-01-24'),
(4, '1718822701', 4, 6, '211011400315', 'arya', 'kebon jati', '0812832642932', '2024-06-21', 1, 500812, 'Sedang di proses', '2024-06-19'),
(5, '1719234861', 4, 6, '08123', 'adli', 'karawaci', '0813106047312', '2024-06-25', 1, 500514, 'Belum Bayar', '2024-06-24'),
(6, '1719235176', 4, 6, '123', 'Arya Zaenal Abidin', 'Karawaci Tangerang', '0812392173', '2024-06-25', 5, 2500644, 'Sedang di proses', '2024-06-24'),
(7, '1719235263', 4, 6, '25346125', 'Abidin', 'karawaci', '2376218751', '2024-06-26', 4, 2000122, 'Belum Bayar', '2024-06-24'),
(8, '1719235953', 4, 6, '121243', 'paladok', 'jakarta', '23423', '2024-06-25', 4, 2000339, 'Sedang di proses', '2024-06-24');

-- --------------------------------------------------------

--
-- Table structure for table `infoweb`
--

CREATE TABLE `infoweb` (
  `id` int(11) NOT NULL,
  `nama_rental` varchar(255) DEFAULT NULL,
  `telp` varchar(15) DEFAULT NULL,
  `alamat` text DEFAULT NULL,
  `email` varchar(255) DEFAULT NULL,
  `no_rek` text DEFAULT NULL,
  `updated_at` timestamp NOT NULL DEFAULT current_timestamp() ON UPDATE current_timestamp()
) ENGINE=InnoDB DEFAULT CHARSET=utf8mb4 COLLATE=utf8mb4_general_ci;

--
-- Dumping data for table `infoweb`
--

INSERT INTO `infoweb` (`id`, `nama_rental`, `telp`, `alamat`, `email`, `no_rek`, `updated_at`) VALUES
(1, 'Arya Zaenal Abidin', '081310604832', 'Karawaci Kota Tangerang', 'Wolessarya@gmail.com', 'BCA 7120463467 A/n Arya Zaenal Abidin', '2024-06-19 17:00:00');

-- --------------------------------------------------------

--
-- Table structure for table `login`
--

CREATE TABLE `login` (
  `id_login` int(11) NOT NULL,
  `nama_pengguna` varchar(255) NOT NULL,
  `username` varchar(255) NOT NULL,
  `password` varchar(255) NOT NULL,
  `level` varchar(255) NOT NULL
) ENGINE=InnoDB DEFAULT CHARSET=latin1 COLLATE=latin1_swedish_ci;

--
-- Dumping data for table `login`
--

INSERT INTO `login` (`id_login`, `nama_pengguna`, `username`, `password`, `level`) VALUES
(1, 'nals', 'admin', '202cb962ac59075b964b07152d234b70', 'admin'),
(3, 'Krisna Waskita', 'demo', 'fe01ce2a7fbac8fafaed7c982a04e229', 'pengguna'),
(4, 'user', 'user', '202cb962ac59075b964b07152d234b70', 'pengguna');

-- --------------------------------------------------------

--
-- Table structure for table `mobil`
--

CREATE TABLE `mobil` (
  `id_mobil` int(11) NOT NULL,
  `no_plat` varchar(255) NOT NULL,
  `merk` varchar(255) NOT NULL,
  `harga` int(255) NOT NULL,
  `deskripsi` varchar(255) NOT NULL,
  `status` varchar(255) NOT NULL,
  `gambar` text NOT NULL
) ENGINE=InnoDB DEFAULT CHARSET=latin1 COLLATE=latin1_swedish_ci;

--
-- Dumping data for table `mobil`
--

INSERT INTO `mobil` (`id_mobil`, `no_plat`, `merk`, `harga`, `deskripsi`, `status`, `gambar`) VALUES
(5, 'N34234', 'Avanza', 200000, 'Apa aja', 'Tidak Tersedia', '1673593078toyota-all-new-avanza-2015-tangkapan-layar_169.jpeg'),
(6, 'N 1232 BKT', 'New Xenia', 500000, 'Baru', 'Tersedia', 'all-new-xenia-exterior-tampak-perspektif-depan---varian-1.5r-ads.jpg');

-- --------------------------------------------------------

--
-- Table structure for table `pembayaran`
--

CREATE TABLE `pembayaran` (
  `id_pembayaran` int(11) NOT NULL,
  `id_booking` int(255) NOT NULL,
  `no_rekening` int(255) NOT NULL,
  `nama_rekening` varchar(255) NOT NULL,
  `nominal` int(255) NOT NULL,
  `tanggal` varchar(255) NOT NULL
) ENGINE=InnoDB DEFAULT CHARSET=latin1 COLLATE=latin1_swedish_ci;

--
-- Dumping data for table `pembayaran`
--

INSERT INTO `pembayaran` (`id_pembayaran`, `id_booking`, `no_rekening`, `nama_rekening`, `nominal`, `tanggal`) VALUES
(3, 1, 2131241, 'Krisna Aldi Waskito', 400000, '2019-12-14'),
(4, 2, 2131241, 'Krisna Aldi Waskito', 400525, '2019-12-18'),
(5, 3, 13213, 'Fauzan Falah', 800743, '2022-01-24'),
(6, 4, 2147483647, 'arya', 600000, '2024-06-21'),
(7, 6, 2147483647, 'Amal', 700000, '2024-06-24'),
(8, 8, 2147483647, 'Amal', 700000, '2024-06-25');

-- --------------------------------------------------------

--
-- Table structure for table `pengembalian`
--

CREATE TABLE `pengembalian` (
  `id_pengembalian` int(11) NOT NULL,
  `kode_booking` varchar(255) NOT NULL,
  `tanggal` varchar(255) NOT NULL,
  `denda` int(255) NOT NULL
) ENGINE=InnoDB DEFAULT CHARSET=latin1 COLLATE=latin1_swedish_ci;

--
-- Indexes for dumped tables
--

--
-- Indexes for table `booking`
--
ALTER TABLE `booking`
  ADD PRIMARY KEY (`id_booking`);

--
-- Indexes for table `infoweb`
--
ALTER TABLE `infoweb`
  ADD PRIMARY KEY (`id`);

--
-- Indexes for table `login`
--
ALTER TABLE `login`
  ADD PRIMARY KEY (`id_login`);

--
-- Indexes for table `mobil`
--
ALTER TABLE `mobil`
  ADD PRIMARY KEY (`id_mobil`);

--
-- Indexes for table `pembayaran`
--
ALTER TABLE `pembayaran`
  ADD PRIMARY KEY (`id_pembayaran`);

--
-- Indexes for table `pengembalian`
--
ALTER TABLE `pengembalian`
  ADD PRIMARY KEY (`id_pengembalian`);

--
-- AUTO_INCREMENT for dumped tables
--

--
-- AUTO_INCREMENT for table `booking`
--
ALTER TABLE `booking`
  MODIFY `id_booking` int(11) NOT NULL AUTO_INCREMENT, AUTO_INCREMENT=9;

--
-- AUTO_INCREMENT for table `infoweb`
--
ALTER TABLE `infoweb`
  MODIFY `id` int(11) NOT NULL AUTO_INCREMENT, AUTO_INCREMENT=2;

--
-- AUTO_INCREMENT for table `login`
--
ALTER TABLE `login`
  MODIFY `id_login` int(11) NOT NULL AUTO_INCREMENT, AUTO_INCREMENT=5;

--
-- AUTO_INCREMENT for table `mobil`
--
ALTER TABLE `mobil`
  MODIFY `id_mobil` int(11) NOT NULL AUTO_INCREMENT, AUTO_INCREMENT=7;

--
-- AUTO_INCREMENT for table `pembayaran`
--
ALTER TABLE `pembayaran`
  MODIFY `id_pembayaran` int(11) NOT NULL AUTO_INCREMENT, AUTO_INCREMENT=9;

--
-- AUTO_INCREMENT for table `pengembalian`
--
ALTER TABLE `pengembalian`
  MODIFY `id_pengembalian` int(11) NOT NULL AUTO_INCREMENT;
COMMIT;

/*!40101 SET CHARACTER_SET_CLIENT=@OLD_CHARACTER_SET_CLIENT */;
/*!40101 SET CHARACTER_SET_RESULTS=@OLD_CHARACTER_SET_RESULTS */;
/*!40101 SET COLLATION_CONNECTION=@OLD_COLLATION_CONNECTION */;
